№,Наличие согласия,Согласие в МГУ,Сумма баллов,Математика (ДВИ),Математика (ЕГЭ),Физика,Русский язык,Индивидуальные достижения - аттестат,Индивидуальные достижения - сочинение,Индивидуальные достижения - ГТО,Преимущественное право зачисления,Право на общежитие,Статус
1,Да,Да,408,100,100,100,100,6,2,0,Нет,Нет,В конкурсе
2,Нет,Нет,408,100,100,100,100,6,2,0,Нет,Нет,В конкурсе
3,Нет,Нет,408,100,100,100,100,6,2,0,Нет,Да,В конкурсе
4,Нет,Да,408,100,100,100,100,6,2,0,Нет,Нет,В конкурсе
5,Нет,Нет,407,100,99,100,100,6,2,0,Нет,Да,В конкурсе
6,Нет,Да,406,100,100,100,98,6,2,0,Нет,Нет,В конкурсе
7,Нет,Нет,406,100,98,100,100,6,2,0,Нет,Нет,В конкурсе
8,Нет,Нет,406,100,98,100,100,6,2,0,Нет,Да,В конкурсе
9,Нет,Нет,405,100,99,100,98,6,2,0,Нет,Да,В конкурсе
10,Да,Да,405,100,99,100,98,6,2,0,Нет,Нет,В конкурсе
11,Нет,Да,405,100,98,97,100,6,2,2,Нет,Нет,В конкурсе
12,Нет,Нет,404,100,100,100,96,6,2,0,Нет,Да,В конкурсе
13,Нет,Нет,402,100,100,100,100,0,2,0,Нет,Нет,В конкурсе
14,Нет,Нет,402,100,100,100,100,0,2,0,Нет,Нет,В конкурсе
15,Нет,Нет,402,100,100,100,94,6,2,0,Нет,Нет,В конкурсе
16,Нет,Нет,402,100,99,99,96,6,2,0,Нет,Да,В конкурсе
17,Нет,Да,402,100,98,100,96,6,2,0,Нет,Да,В конкурсе
18,Нет,Нет,401,100,99,100,92,6,2,2,Нет,Да,В конкурсе
19,Нет,Да,401,100,98,97,96,6,2,2,Нет,Да,В конкурсе
20,Нет,Нет,401,100,96,99,98,6,2,0,Нет,Нет,В конкурсе
21,Нет,Нет,400,100,100,100,98,0,2,0,Нет,Нет,В конкурсе
22,Нет,Да,400,100,100,100,98,0,2,0,Нет,Нет,В конкурсе
23,Нет,Нет,400,100,100,100,98,0,2,0,Нет,Нет,В конкурсе
24,Нет,Да,400,100,100,100,92,6,2,0,Нет,Нет,В конкурсе
25,Нет,Нет,400,100,100,100,92,6,2,0,Нет,Да,В конкурсе
26,Нет,Нет,400,100,100,100,92,6,2,0,Нет,Да,В конкурсе
27,Нет,Нет,400,100,98,100,100,0,2,0,Нет,Да,В конкурсе
28,Нет,Нет,400,100,94,100,98,6,2,0,Нет,Нет,В конкурсе
29,Нет,Нет,400,100,94,100,98,6,2,0,Нет,Нет,В конкурсе
30,Нет,Нет,400,100,92,100,100,6,2,0,Нет,Нет,В конкурсе
31,Да,Да,399,100,100,97,100,0,2,0,Нет,Нет,В конкурсе
32,Нет,Нет,399,100,100,93,98,6,2,0,Нет,Нет,В конкурсе
33,Нет,Нет,399,100,98,97,96,6,2,0,Нет,Нет,В конкурсе
34,Нет,Нет,398,100,100,100,96,0,2,0,Нет,Нет,В конкурсе
35,Нет,Нет,398,100,100,100,90,6,2,0,Нет,Да,В конкурсе
36,Нет,Да,398,100,99,95,96,6,2,0,Нет,Нет,В конкурсе
37,Нет,Да,398,100,98,100,92,6,2,0,Нет,Нет,В конкурсе
38,Нет,Нет,398,100,94,100,96,6,2,0,Нет,Да,В конкурсе
39,Нет,Нет,398,100,94,100,94,6,2,2,Нет,Да,В конкурсе
40,Нет,Нет,398,100,90,100,98,6,2,2,Нет,Нет,В конкурсе
41,Нет,Нет,397,100,100,99,96,0,2,0,Нет,Да,В конкурсе
42,Нет,Да,397,100,100,95,94,6,2,0,Нет,Нет,В конкурсе
43,Нет,Нет,396,100,100,100,88,6,2,0,Нет,Нет,В конкурсе
44,Нет,Да,396,100,98,100,88,6,2,2,Нет,Да,В конкурсе
45,Нет,Да,396,100,96,100,90,6,2,2,Нет,Да,В конкурсе
46,Нет,Да,396,100,94,100,100,0,2,0,Нет,Нет,В конкурсе
47,Нет,Нет,396,100,94,100,94,6,2,0,Нет,Нет,В конкурсе
48,Нет,Да,395,100,100,99,92,0,2,2,Нет,Да,В конкурсе
49,Нет,Нет,395,100,100,95,92,6,2,0,Нет,Да,В конкурсе
50,Нет,Нет,394,100,99,99,94,0,2,0,Нет,Да,В конкурсе
51,Нет,Нет,394,100,98,100,92,0,2,2,Нет,Нет,В конкурсе
52,Нет,Да,394,95,96,99,94,6,2,2,Нет,Нет,В конкурсе
53,Нет,Да,393,100,100,97,88,6,2,0,Нет,Нет,В конкурсе
54,Нет,Нет,393,100,99,100,90,0,2,2,Нет,Нет,В конкурсе
55,Нет,Да,393,100,94,91,100,6,2,0,Нет,Нет,В конкурсе
56,Нет,Нет,392,100,99,91,100,0,2,0,Нет,Нет,В конкурсе
57,Нет,Нет,392,100,98,100,86,6,2,0,Нет,Нет,В конкурсе
58,Нет,Нет,392,100,94,100,96,0,2,0,Нет,Да,В конкурсе
59,Нет,Да,392,100,94,100,96,0,2,0,Нет,Нет,В конкурсе
60,Нет,Нет,392,100,94,100,90,6,2,0,Нет,Да,В конкурсе
61,Нет,Нет,392,100,90,100,94,6,2,0,Нет,Да,В конкурсе
62,Нет,Да,392,90,100,100,94,6,2,0,Нет,Нет,В конкурсе
63,Нет,Нет,392,90,96,100,98,6,2,0,Нет,Нет,В конкурсе
64,Нет,Да,391,100,99,100,84,6,2,0,Нет,Да,В конкурсе
65,Нет,Да,391,100,98,93,92,6,2,0,Нет,Нет,В конкурсе
66,Нет,Нет,391,100,92,95,94,6,2,2,Нет,Да,В конкурсе
67,Нет,Да,390,100,96,100,92,0,2,0,Нет,Да,В конкурсе
68,Нет,Нет,390,100,96,100,86,6,2,0,Нет,Нет,В конкурсе
69,Нет,Нет,390,100,88,100,98,0,2,2,Нет,Нет,В конкурсе
70,Нет,Нет,390,90,98,100,94,6,2,0,Нет,Да,В конкурсе
71,Нет,Нет,389,100,100,89,92,6,2,0,Нет,Да,В конкурсе
72,Нет,Нет,389,100,98,97,92,0,2,0,Нет,Нет,В конкурсе
73,Нет,Нет,389,100,98,87,100,0,2,2,Нет,Нет,В конкурсе
74,Нет,Да,389,100,96,93,98,0,2,0,Нет,Да,В конкурсе
75,Нет,Нет,389,100,96,93,92,6,2,0,Нет,Да,В конкурсе
76,Да,Да,389,100,92,99,88,6,2,2,Нет,Да,В конкурсе
77,Нет,Да,389,100,92,93,96,6,2,0,Нет,Да,В конкурсе
78,Нет,Да,389,100,86,95,98,6,2,2,Нет,Да,В конкурсе
79,Нет,Да,389,95,99,95,98,0,2,0,Нет,Нет,В конкурсе
80,Нет,Да,388,100,100,100,86,0,2,0,Нет,Нет,В конкурсе
81,Да,Да,388,100,100,100,80,6,2,0,Нет,Нет,В конкурсе
82,Нет,Да,388,100,98,100,88,0,2,0,Нет,Нет,В конкурсе
83,Нет,Да,388,100,94,100,92,0,2,0,Нет,Да,В конкурсе
84,Нет,Да,388,95,100,95,96,0,2,0,Нет,Нет,В конкурсе
85,Нет,Да,388,90,94,100,96,6,2,0,Нет,Да,В конкурсе
86,Нет,Да,387,100,100,89,94,0,2,2,Нет,Да,В конкурсе
87,Да,Да,387,100,96,100,87,0,2,2,Нет,Да,В конкурсе
88,Нет,Да,387,100,96,97,92,0,2,0,Нет,Нет,В конкурсе
89,Нет,Да,387,100,96,87,96,6,2,0,Нет,Нет,В конкурсе
90,Нет,Нет,387,100,92,89,98,6,2,0,Нет,Да,В конкурсе
91,Нет,Нет,387,85,100,100,94,6,2,0,Нет,Да,В конкурсе
92,Нет,Да,386,100,99,97,88,0,2,0,Нет,Нет,В конкурсе
93,Нет,Да,386,100,99,95,90,0,2,0,Нет,Нет,В конкурсе
94,Нет,Нет,386,100,98,100,80,6,2,0,Нет,Да,В конкурсе
95,Нет,Нет,386,100,90,100,94,0,2,0,Нет,Нет,В конкурсе
96,Нет,Да,386,90,99,99,96,0,2,0,Нет,Нет,В конкурсе
97,Нет,Да,386,90,99,97,98,0,2,0,Нет,Нет,В конкурсе
98,Нет,Нет,386,90,94,100,100,0,2,0,Нет,Да,В конкурсе
99,Нет,Да,385,100,100,83,100,0,2,0,Нет,Нет,В конкурсе
100,Нет,Да,385,100,92,95,96,0,2,0,Нет,Да,В конкурсе
101,Нет,Да,385,100,88,89,100,6,2,0,Нет,Да,В конкурсе
102,Нет,Нет,385,90,98,95,94,6,2,0,Нет,Да,В конкурсе
103,Нет,Да,385,90,92,97,96,6,2,2,Нет,Да,В конкурсе
104,Нет,Нет,385,90,90,97,100,6,2,0,Нет,Да,В конкурсе
105,Нет,Нет,384,100,100,100,82,0,2,0,Нет,Нет,В конкурсе
106,Нет,Да,384,100,99,95,88,0,2,0,Нет,Нет,В конкурсе
107,Нет,Да,384,100,99,83,94,6,2,0,Нет,Да,В конкурсе
108,Да,Да,384,100,92,100,90,0,2,0,Нет,Да,В конкурсе
109,Нет,Да,384,100,90,100,86,6,2,0,Нет,Да,В конкурсе
110,Нет,Нет,384,100,86,100,96,0,2,0,Нет,Нет,В конкурсе
111,Нет,Да,384,90,94,96,96,6,2,0,Нет,Да,В конкурсе
112,Нет,Нет,384,80,94,100,100,6,2,2,Нет,Нет,В конкурсе
113,Нет,Да,383,100,100,99,82,0,2,0,Нет,Нет,В конкурсе
114,Нет,Нет,383,100,98,93,88,0,2,2,Нет,Да,В конкурсе
115,Нет,Нет,383,100,96,95,84,6,2,0,Нет,Да,В конкурсе
116,Нет,Нет,383,100,96,93,86,6,2,0,Нет,Да,В конкурсе
117,Нет,Да,383,100,92,97,92,0,2,0,Нет,Нет,В конкурсе
118,Нет,Да,383,100,88,89,98,6,2,0,Нет,Нет,В конкурсе
119,Нет,Да,383,95,96,100,90,0,2,0,Нет,Да,В конкурсе
120,Нет,Нет,383,90,92,97,96,6,2,0,Нет,Да,В конкурсе
121,Нет,Да,383,90,92,97,96,6,2,0,Нет,Да,В конкурсе
122,Нет,Да,382,100,92,100,88,0,2,0,Нет,Да,В конкурсе
123,Нет,Нет,382,100,86,100,94,0,2,0,Нет,Нет,В конкурсе
124,Нет,Нет,382,100,84,100,96,0,2,0,Нет,Нет,В конкурсе
125,Нет,Да,382,95,98,89,98,0,2,0,Нет,Нет,В конкурсе
126,Нет,Да,382,90,100,100,90,0,2,0,Нет,Да,В конкурсе
127,Нет,Нет,381,100,100,87,92,0,2,0,Нет,Нет,В конкурсе
128,Нет,Нет,381,100,99,100,80,0,2,0,Нет,Нет,В конкурсе
129,Нет,Да,381,100,98,89,86,6,2,0,Нет,Нет,В конкурсе
130,Нет,Нет,381,100,88,93,98,0,2,0,Нет,Нет,В конкурсе
131,Да,Да,381,100,86,95,92,6,2,0,Нет,Да,В конкурсе
132,Нет,Нет,381,90,100,91,98,0,2,0,Нет,Нет,В конкурсе
133,Нет,Нет,381,90,94,95,94,6,2,0,Нет,Нет,В конкурсе
134,Нет,Да,381,90,92,95,96,6,2,0,Нет,Да,В конкурсе
135,Нет,Нет,381,85,100,100,94,0,2,0,Нет,Нет,В конкурсе
136,Нет,Нет,381,85,96,100,92,6,2,0,Нет,Да,В конкурсе
137,Нет,Нет,381,80,100,99,100,0,2,0,Нет,Нет,В конкурсе
138,Нет,Нет,380,100,92,100,86,0,2,0,Нет,Нет,В конкурсе
139,Нет,Да,380,95,92,87,98,6,2,0,Нет,Нет,В конкурсе
140,Нет,Да,380,90,100,100,88,0,2,0,Нет,Нет,В конкурсе
141,Нет,Да,380,90,90,100,92,6,2,0,Нет,Да,В конкурсе
142,Нет,Да,380,85,100,95,90,6,2,2,Нет,Да,В конкурсе
143,Нет,Да,380,85,92,97,98,6,2,0,Нет,Нет,В конкурсе
144,Нет,Да,379,100,98,87,92,0,2,0,Нет,Да,В конкурсе
145,Нет,Да,379,100,98,85,94,0,2,0,Нет,Нет,В конкурсе
146,Нет,Да,379,100,96,97,84,0,2,0,Нет,Да,В конкурсе
147,Нет,Да,379,100,96,96,85,0,2,0,Нет,Нет,В конкурсе
148,Нет,Да,379,95,99,93,90,0,2,0,Нет,Да,В конкурсе
149,Нет,Да,379,90,100,87,94,6,2,0,Нет,Нет,В конкурсе
150,Нет,Да,379,90,94,95,92,6,2,0,Нет,Нет,В конкурсе
151,Нет,Нет,379,90,94,95,90,6,2,2,Нет,Да,В конкурсе
152,Да,Да,379,90,92,97,92,6,2,0,Нет,Нет,В конкурсе
153,Нет,Да,379,90,88,97,94,6,2,2,Нет,Да,В конкурсе
154,Да,Да,379,85,99,91,96,6,2,0,Нет,Нет,В конкурсе
155,Нет,Да,378,100,94,93,89,0,2,0,Нет,Да,В конкурсе
156,Нет,Нет,378,100,90,100,86,0,2,0,Нет,Нет,В конкурсе
157,Нет,Нет,378,100,88,97,91,0,2,0,Нет,Нет,В конкурсе
158,Нет,Да,378,90,99,96,91,0,2,0,Нет,Нет,В конкурсе
159,Нет,Да,378,90,99,93,88,6,2,0,Нет,Да,В конкурсе
160,Нет,Да,378,90,94,100,86,6,2,0,Нет,Нет,В конкурсе
161,Нет,Нет,378,85,99,100,86,6,2,0,Нет,Да,В конкурсе
162,Нет,Да,378,85,98,99,94,0,2,0,Нет,Да,В конкурсе
163,Нет,Да,378,85,98,93,94,6,2,0,Нет,Нет,В конкурсе
164,Нет,Да,378,85,92,93,98,6,2,2,Нет,Нет,В конкурсе
165,Нет,Нет,378,80,96,100,100,0,2,0,Нет,Нет,В конкурсе
166,Нет,Нет,377,100,98,93,84,0,2,0,Нет,Нет,В конкурсе
167,Нет,Да,377,100,96,93,78,6,2,2,Нет,Да,В конкурсе
168,Нет,Да,377,100,90,93,92,0,2,0,Нет,Нет,В конкурсе
169,Нет,Нет,377,100,88,95,86,6,2,0,Нет,Нет,В конкурсе
170,Нет,Нет,377,100,82,99,94,0,2,0,Нет,Да,В конкурсе
171,Нет,Да,377,90,98,93,92,0,2,2,Нет,Нет,В конкурсе
172,Нет,Да,377,90,90,95,94,6,2,0,Нет,Да,В конкурсе
173,Нет,Нет,377,80,100,97,98,0,2,0,Нет,Нет,В конкурсе
174,Нет,Да,377,80,94,99,96,6,2,0,Нет,Да,В конкурсе
175,Нет,Да,376,100,99,89,84,0,2,2,Нет,Нет,В конкурсе
176,Нет,Да,376,95,86,93,94,6,2,0,Нет,Нет,В конкурсе
177,Нет,Да,376,80,94,100,94,6,2,0,Нет,Нет,В конкурсе
178,Нет,Да,375,100,98,91,84,0,2,0,Нет,Да,В конкурсе
179,Нет,Нет,375,100,96,95,82,0,2,0,Нет,Да,В конкурсе
180,Нет,Да,375,100,96,87,90,0,2,0,Нет,Нет,В конкурсе
181,Нет,Нет,375,100,94,99,80,0,2,0,Нет,Да,В конкурсе
182,Нет,Нет,375,100,90,87,90,6,2,0,Нет,Да,В конкурсе
183,Нет,Нет,375,100,88,96,89,0,2,0,Нет,Да,В конкурсе
184,Нет,Нет,375,100,76,97,98,0,2,2,Нет,Нет,В конкурсе
185,Нет,Да,375,90,98,89,96,0,2,0,Нет,Да,В конкурсе
186,Нет,Да,375,90,96,93,94,0,2,0,Нет,Нет,В конкурсе
187,Нет,Да,375,90,86,95,94,6,2,2,Нет,Да,В конкурсе
188,Нет,Да,375,80,92,99,96,6,2,0,Нет,Да,В конкурсе
189,Нет,Да,375,75,99,97,94,6,2,2,Нет,Нет,В конкурсе
190,Нет,Да,374,85,100,87,94,6,2,0,Нет,Да,В конкурсе
191,Нет,Да,374,85,88,97,94,6,2,2,Нет,Нет,В конкурсе
192,Нет,Да,374,80,99,99,94,0,2,0,Нет,Нет,В конкурсе
193,Нет,Нет,374,80,90,100,100,0,2,2,Нет,Нет,В конкурсе
194,Нет,Да,374,75,98,97,96,6,2,0,Нет,Да,В конкурсе
195,Нет,Да,373,100,99,78,94,0,2,0,Нет,Да,В конкурсе
196,Нет,Нет,373,100,94,93,84,0,2,0,Нет,Да,В конкурсе
197,Нет,Да,373,100,90,85,96,0,2,0,Нет,Да,В конкурсе
198,Нет,Да,373,100,88,87,90,6,2,0,Нет,Нет,В конкурсе
199,Нет,Да,373,100,86,91,94,0,2,0,Нет,Нет,В конкурсе
200,Нет,Нет,373,100,84,93,94,0,2,0,Нет,Да,В конкурсе
201,Нет,Да,373,100,84,83,96,6,2,2,Нет,Да,В конкурсе
202,Нет,Нет,373,90,96,85,92,6,2,2,Нет,Да,В конкурсе
203,Нет,Да,373,90,94,93,94,0,2,0,Нет,Да,В конкурсе
204,Нет,Да,373,90,94,91,94,0,2,2,Нет,Нет,В конкурсе
205,Нет,Нет,373,90,92,89,98,0,2,2,Нет,Да,В конкурсе
206,Нет,Да,373,85,94,100,86,6,2,0,Нет,Да,В конкурсе
207,Нет,Да,373,80,100,93,92,6,2,0,Нет,Нет,В конкурсе
208,Нет,Нет,373,80,98,95,98,0,2,0,Нет,Да,В конкурсе
209,Нет,Да,373,80,98,91,96,6,2,0,Нет,Да,В конкурсе
210,Нет,Да,373,80,96,95,94,6,2,0,Нет,Нет,В конкурсе
211,Нет,Нет,373,70,99,100,96,6,2,0,Нет,Нет,В конкурсе
212,Нет,Да,372,100,94,86,84,6,2,0,Нет,Нет,В конкурсе
213,Нет,Да,372,95,100,93,82,0,2,0,Нет,Да,В конкурсе
214,Нет,Да,372,90,99,89,92,0,2,0,Нет,Нет,В конкурсе
215,Нет,Да,372,85,94,97,88,6,2,0,Нет,Нет,В конкурсе
216,Нет,Да,372,85,94,89,96,6,2,0,Нет,Да,В конкурсе
217,Нет,Нет,372,85,86,99,94,6,2,0,Нет,Да,В конкурсе
218,Нет,Да,372,80,99,99,92,0,2,0,Нет,Да,В конкурсе
219,Нет,Да,372,80,99,89,96,6,2,0,Нет,Да,В конкурсе
220,Нет,Нет,372,75,100,95,94,6,2,0,Нет,Да,В конкурсе
221,Нет,Нет,372,70,98,100,94,6,2,2,Нет,Да,В конкурсе
222,Нет,Нет,371,100,86,99,78,6,2,0,Нет,Да,В конкурсе
223,Нет,Да,371,90,96,89,96,0,0,0,Нет,Да,В конкурсе
224,Нет,Да,371,90,92,85,96,6,2,0,Нет,Да,В конкурсе
225,Нет,Нет,371,80,98,87,98,6,2,0,Нет,Да,В конкурсе
226,Нет,Да,371,80,96,93,100,0,2,0,Нет,Нет,В конкурсе
227,Нет,Нет,371,80,90,99,94,6,2,0,Нет,Да,В конкурсе
228,Нет,Да,371,80,90,97,96,6,2,0,Нет,Да,В конкурсе
229,Нет,Да,371,75,96,100,98,0,2,0,Нет,Да,В конкурсе
230,Нет,Да,370,100,99,85,84,0,2,0,Нет,Да,В конкурсе
231,Нет,Да,370,100,86,85,91,6,2,0,Нет,Да,В конкурсе
232,Нет,Да,370,90,98,92,82,6,2,0,Нет,Да,В конкурсе
233,Нет,Да,370,85,100,87,96,0,2,0,Нет,Нет,В конкурсе
234,Нет,Да,370,85,94,93,94,0,2,2,Нет,Нет,В конкурсе
235,Нет,Да,370,85,88,95,92,6,2,2,Нет,Да,В конкурсе
236,Нет,Да,370,80,92,100,94,0,2,2,Нет,Нет,В конкурсе
237,Нет,Нет,369,100,98,87,82,0,2,0,Нет,Да,В конкурсе
238,Да,Да,369,100,88,83,96,0,2,0,Нет,Нет,В конкурсе
239,Нет,Да,369,90,94,91,92,0,2,0,Нет,Нет,В конкурсе
240,Нет,Да,369,90,94,87,94,0,2,2,Нет,Нет,В конкурсе
241,Нет,Да,369,90,90,95,84,6,2,2,Нет,Да,В конкурсе
242,Нет,Да,369,85,84,100,98,0,2,0,Нет,Да,В конкурсе
243,Нет,Нет,369,80,98,97,92,0,2,0,Нет,Да,В конкурсе
244,Нет,Да,369,80,98,95,94,0,2,0,Нет,Нет,В конкурсе
245,Нет,Да,369,80,94,98,89,6,2,0,Нет,Да,В конкурсе
246,Нет,Да,369,80,94,97,90,6,2,0,Нет,Да,В конкурсе
247,Нет,Да,369,80,94,93,94,6,2,0,Нет,Да,В конкурсе
248,Нет,Да,369,80,92,95,92,6,2,2,Нет,Нет,В конкурсе
249,Нет,Нет,369,80,88,99,94,6,2,0,Нет,Да,В конкурсе
250,Нет,Да,369,80,88,93,100,6,2,0,Нет,Нет,В конкурсе
251,Нет,Да,369,75,100,100,86,6,2,0,Нет,Да,В конкурсе
252,Нет,Да,369,75,96,100,96,0,2,0,Нет,Да,В конкурсе
253,Нет,Нет,369,75,92,100,94,6,2,0,Нет,Да,В конкурсе
254,Нет,Да,369,70,92,97,100,6,2,2,Нет,Да,В конкурсе
255,Нет,Нет,368,100,99,87,80,0,2,0,Нет,Да,В конкурсе
256,Нет,Да,368,100,94,74,98,0,2,0,Нет,Нет,В конкурсе
257,Нет,Нет,368,100,92,76,98,0,2,0,Нет,Нет,В конкурсе
258,Нет,Нет,368,95,88,91,92,0,2,0,Нет,Да,В конкурсе
259,Нет,Нет,368,85,98,93,88,0,2,2,Нет,Нет,В конкурсе
260,Нет,Да,368,85,96,91,94,0,2,0,Нет,Да,В конкурсе
261,Нет,Нет,368,85,92,97,86,6,2,0,Нет,Да,В конкурсе
262,Нет,Да,368,80,84,100,94,6,2,2,Нет,Да,В конкурсе
263,Нет,Да,368,75,98,97,90,6,2,0,Нет,Да,В конкурсе
264,Нет,Нет,368,70,92,100,98,6,2,0,Нет,Да,В конкурсе
265,Нет,Нет,367,100,92,85,86,0,2,2,Нет,Да,В конкурсе
266,Нет,Да,367,90,100,83,92,0,2,0,Нет,Нет,В конкурсе
267,Нет,Да,367,90,92,85,98,0,2,0,Нет,Нет,В конкурсе
268,Нет,Нет,367,90,90,100,85,0,2,0,Нет,Да,В конкурсе
269,Нет,Да,367,90,90,96,89,0,2,0,Нет,Да,В конкурсе
270,Нет,Да,367,90,86,91,98,0,2,0,Нет,Да,В конкурсе
271,Нет,Да,367,85,92,92,96,0,2,0,Нет,Да,В конкурсе
272,Нет,Да,367,80,100,91,94,0,2,0,Нет,Нет,В конкурсе
273,Нет,Да,367,80,98,97,90,0,2,0,Нет,Да,В конкурсе
274,Нет,Нет,367,80,98,83,98,6,2,0,Нет,Нет,В конкурсе
275,Нет,Да,367,80,94,91,94,6,2,0,Нет,Нет,В конкурсе
276,Нет,Да,367,80,92,93,92,6,2,2,Нет,Нет,В конкурсе
277,Нет,Да,367,80,84,99,96,6,2,0,Нет,Нет,В конкурсе
278,Нет,Да,367,70,92,99,98,6,2,0,Нет,Нет,В конкурсе
279,Нет,Да,366,90,99,87,82,6,2,0,Нет,Да,В конкурсе
280,Нет,Нет,366,90,94,80,94,6,2,0,Нет,Нет,В конкурсе
281,Нет,Да,366,85,92,89,96,0,2,2,Нет,Да,В конкурсе
282,Да,Да,366,80,84,100,92,6,2,2,Нет,Нет,В конкурсе
283,Нет,Да,366,80,82,100,96,6,2,0,Нет,Да,В конкурсе
284,Нет,Нет,366,75,96,89,98,6,2,0,Нет,Нет,В конкурсе
285,Нет,Нет,366,75,92,99,98,0,2,0,Нет,Да,В конкурсе
286,Нет,Да,366,75,92,97,94,6,2,0,Нет,Да,В конкурсе
287,Нет,Нет,366,75,90,97,96,6,2,0,Нет,Нет,В конкурсе
288,Нет,Да,366,75,88,99,96,6,2,0,Нет,Да,В конкурсе
289,Нет,Нет,365,100,82,87,88,6,2,0,Нет,Да,В конкурсе
290,Нет,Нет,365,90,92,95,86,0,2,0,Нет,Нет,В конкурсе
291,Нет,Нет,365,90,92,89,86,6,2,0,Нет,Да,В конкурсе
292,Нет,Нет,365,85,92,100,80,6,2,0,Нет,Да,В конкурсе
293,Нет,Нет,365,80,98,95,90,0,2,0,Нет,Да,В конкурсе
294,Нет,Нет,365,80,96,89,90,6,2,2,Нет,Нет,В конкурсе
295,Нет,Да,365,80,94,95,88,6,2,0,Нет,Да,В конкурсе
296,Нет,Нет,365,80,94,91,92,6,2,0,Нет,Нет,В конкурсе
297,Нет,Да,365,80,90,97,88,6,2,2,Нет,Нет,В конкурсе
298,Нет,Нет,365,80,88,91,98,6,2,0,Нет,Да,В конкурсе
299,Нет,Да,365,75,100,86,98,6,0,0,Нет,Да,В конкурсе
300,Да,Да,365,75,99,91,92,6,2,0,Нет,Нет,В конкурсе
301,Нет,Нет,365,70,96,95,96,6,2,0,Нет,Нет,В конкурсе
302,Нет,Да,365,70,90,97,100,6,2,0,Нет,Да,В конкурсе
303,Нет,Нет,365,60,98,97,100,6,2,2,Нет,Нет,В конкурсе
304,Нет,Нет,364,100,100,89,73,0,2,0,Нет,Нет,В конкурсе
305,Да,Да,364,100,86,91,85,0,2,0,Нет,Нет,В конкурсе
306,Нет,Да,364,100,84,100,78,0,2,0,Нет,Нет,В конкурсе
307,Нет,Да,364,85,100,97,82,0,0,0,Нет,Да,В конкурсе
308,Нет,Да,364,80,99,97,86,0,2,0,Нет,Нет,В конкурсе
309,Нет,Да,364,80,84,100,92,6,2,0,Нет,Да,В конкурсе
310,Нет,Нет,364,75,96,89,100,0,2,2,Нет,Да,В конкурсе
311,Нет,Нет,364,75,94,97,96,0,2,0,Нет,Нет,В конкурсе
312,Нет,Да,363,100,88,87,78,6,2,2,Нет,Да,В конкурсе
313,Нет,Нет,363,100,86,93,82,0,2,0,Нет,Нет,В конкурсе
314,Нет,Да,363,100,82,85,94,0,2,0,Нет,Нет,В конкурсе
315,Нет,Да,363,95,96,76,94,0,2,0,Нет,Нет,В конкурсе
316,Нет,Нет,363,90,98,81,94,0,0,0,Нет,Да,В конкурсе
317,Нет,Да,363,90,92,93,86,0,2,0,Нет,Да,В конкурсе
318,Нет,Да,363,90,90,89,92,0,2,0,Нет,Да,В конкурсе
319,Нет,Да,363,90,88,91,90,0,2,2,Нет,Нет,В конкурсе
320,Нет,Да,363,90,86,89,96,0,2,0,Нет,Нет,В конкурсе
321,Нет,Да,363,80,90,85,100,6,2,0,Нет,Да,В конкурсе
322,Нет,Нет,363,80,88,87,98,6,2,2,Нет,Да,В конкурсе
323,Нет,Нет,363,80,86,99,96,0,2,0,Нет,Нет,В конкурсе
324,Нет,Нет,363,80,86,89,98,6,2,2,Нет,Да,В конкурсе
325,Нет,Да,363,70,94,95,96,6,2,0,Нет,Нет,В конкурсе
326,Нет,Да,363,70,94,91,100,6,2,0,Нет,Да,В конкурсе
327,Нет,Нет,362,100,94,72,94,0,2,0,Нет,Нет,В конкурсе
328,Нет,Нет,362,85,94,93,88,0,2,0,Нет,Да,В конкурсе
329,Нет,Да,362,85,88,91,96,0,2,0,Нет,Да,В конкурсе
330,Нет,Нет,362,85,86,99,90,0,2,0,Нет,Да,В конкурсе
331,Нет,Да,362,85,86,87,96,6,2,0,Нет,Да,В конкурсе
332,Нет,Да,362,80,96,100,78,6,2,0,Нет,Да,В конкурсе
333,Нет,Да,362,80,88,94,98,0,2,0,Нет,Нет,В конкурсе
334,Нет,Да,362,80,86,100,88,6,2,0,Нет,Нет,В конкурсе
335,Нет,Да,362,75,96,87,96,6,2,0,Нет,Нет,В конкурсе
336,Нет,Нет,362,75,88,99,92,6,2,0,Нет,Да,В конкурсе
337,Нет,Да,362,70,100,100,82,6,2,2,Нет,Да,В конкурсе
338,Нет,Да,362,70,96,100,88,6,2,0,Нет,Нет,В конкурсе
339,Нет,Нет,361,100,94,83,82,0,2,0,Нет,Да,В конкурсе
340,Нет,Нет,361,100,84,91,84,0,2,0,Нет,Да,В конкурсе
341,Нет,Да,361,90,80,93,96,0,2,0,Нет,Да,В конкурсе
342,Нет,Да,361,80,96,93,90,0,2,0,Нет,Нет,В конкурсе
343,Нет,Да,361,80,96,91,92,0,2,0,Нет,Нет,В конкурсе
344,Нет,Нет,361,80,94,93,92,0,2,0,Нет,Нет,В конкурсе
345,Нет,Да,361,80,94,93,86,6,2,0,Нет,Нет,В конкурсе
346,Нет,Да,361,80,94,91,94,0,2,0,Нет,Да,В конкурсе
347,Нет,Да,361,80,92,97,90,0,2,0,Нет,Нет,В конкурсе
348,Нет,Да,361,80,92,89,92,6,2,0,Нет,Да,В конкурсе
349,Нет,Нет,361,80,90,99,88,0,2,2,Нет,Да,В конкурсе
350,Нет,Да,361,80,90,93,90,6,2,0,Нет,Да,В конкурсе
351,Нет,Да,361,80,90,91,90,6,2,2,Нет,Да,В конкурсе
352,Нет,Да,361,80,90,89,94,6,2,0,Нет,Нет,В конкурсе
353,Нет,Да,361,80,90,89,94,6,2,0,Нет,Да,В конкурсе
354,Нет,Да,361,80,88,85,98,6,2,2,Нет,Да,В конкурсе
355,Нет,Нет,361,80,86,95,92,6,2,0,Нет,Да,В конкурсе
356,Нет,Да,361,80,84,97,98,0,2,0,Нет,Да,В конкурсе
357,Нет,Да,361,80,82,93,98,6,2,0,Нет,Да,В конкурсе
358,Нет,Нет,361,70,96,99,86,6,2,2,Нет,Да,В конкурсе
359,Нет,Нет,361,70,94,99,88,6,2,2,Нет,Да,В конкурсе
360,Нет,Да,360,100,96,72,90,0,2,0,Нет,Нет,В конкурсе
361,Нет,Да,360,85,90,91,92,0,2,0,Нет,Нет,В конкурсе
362,Нет,Да,360,85,84,98,91,0,2,0,Нет,Да,В конкурсе
363,Нет,Да,360,80,99,85,88,6,2,0,Нет,Да,В конкурсе
364,Нет,Да,360,80,96,100,82,0,2,0,Нет,Да,В конкурсе
365,Нет,Да,360,80,92,100,80,6,2,0,Нет,Да,В конкурсе
366,Нет,Да,360,80,84,88,100,6,2,0,Нет,Да,В конкурсе
367,Нет,Да,360,75,90,89,98,6,2,0,Нет,Нет,В конкурсе
368,Нет,Да,360,70,100,94,88,6,2,0,Нет,Да,В конкурсе
369,Нет,Да,360,70,88,100,94,6,2,0,Нет,Нет,В конкурсе
370,Нет,Да,360,65,98,97,92,6,2,0,Нет,Нет,В конкурсе
371,Нет,Да,360,65,94,95,96,6,2,2,Нет,Да,В конкурсе
372,Нет,Да,359,100,82,85,90,0,2,0,Нет,Нет,В конкурсе
373,Нет,Да,359,90,99,76,92,0,2,0,Нет,Нет,В конкурсе
374,Нет,Да,359,90,92,89,86,0,2,0,Нет,Нет,В конкурсе
375,Нет,Да,359,90,92,89,86,0,2,0,Нет,Да,В конкурсе
376,Нет,Нет,359,90,86,83,90,6,2,2,Нет,Нет,В конкурсе
377,Нет,Нет,359,90,82,91,94,0,2,0,Нет,Нет,В конкурсе
378,Нет,Да,359,80,98,95,84,0,2,0,Нет,Нет,В конкурсе
379,Нет,Да,359,80,94,91,86,6,2,0,Нет,Да,В конкурсе
380,Нет,Да,359,80,94,87,88,6,2,2,Нет,Нет,В конкурсе
381,Нет,Да,359,80,90,91,96,0,2,0,Нет,Да,В конкурсе
382,Нет,Да,359,80,90,87,94,6,2,0,Нет,Да,В конкурсе
383,Нет,Да,359,80,88,93,96,0,2,0,Нет,Нет,В конкурсе
384,Нет,Да,359,80,88,91,92,6,2,0,Нет,Да,В конкурсе
385,Нет,Да,359,80,86,95,94,0,2,2,Нет,Нет,В конкурсе
386,Нет,Нет,359,70,100,91,88,6,2,2,Нет,Да,В конкурсе
387,Нет,Нет,359,70,94,91,96,6,2,0,Нет,Нет,В конкурсе
388,Нет,Нет,359,70,90,93,96,6,2,2,Нет,Да,В конкурсе
389,Нет,Да,358,100,84,72,94,6,2,0,Нет,Нет,В конкурсе
390,Нет,Нет,358,100,82,68,98,6,2,2,Нет,Да,В конкурсе
391,Нет,Да,358,85,100,85,86,0,2,0,Нет,Нет,В конкурсе
392,Нет,Да,358,85,98,81,92,0,2,0,Нет,Нет,В конкурсе
393,Нет,Да,358,85,90,90,91,0,2,0,Нет,Да,В конкурсе
394,Нет,Да,358,85,88,99,78,6,2,0,Нет,Да,В конкурсе
395,Нет,Да,358,85,88,87,96,0,2,0,Нет,Нет,В конкурсе
396,Нет,Нет,358,85,84,85,96,6,2,0,Нет,Да,В конкурсе
397,Нет,Да,358,80,90,100,86,0,2,0,Нет,Нет,В конкурсе
398,Нет,Да,358,80,78,100,98,0,2,0,Нет,Да,В конкурсе
399,Нет,Нет,358,75,100,93,88,0,2,0,Нет,Да,В конкурсе
400,Нет,Нет,358,75,90,93,92,6,2,0,Нет,Да,В конкурсе
401,Нет,Да,358,75,88,91,96,6,2,0,Нет,Нет,В конкурсе
402,Нет,Нет,358,75,86,97,90,6,2,2,Нет,Да,В конкурсе
403,Нет,Да,358,75,86,91,98,6,2,0,Нет,Да,В конкурсе
404,Нет,Нет,358,75,84,95,96,6,2,0,Нет,Нет,В конкурсе
405,Нет,Нет,358,70,86,100,94,6,2,0,Нет,Нет,В конкурсе
406,Нет,Да,357,100,86,89,80,0,2,0,Нет,Да,В конкурсе
407,Нет,Да,357,100,80,91,82,0,2,2,Нет,Да,В конкурсе
408,Нет,Нет,357,90,92,89,84,0,2,0,Нет,Да,В конкурсе
409,Нет,Да,357,90,92,89,84,0,2,0,Нет,Нет,В конкурсе
410,Нет,Да,357,80,100,87,88,0,2,0,Нет,Нет,В конкурсе
411,Нет,Да,357,80,94,95,86,0,2,0,Нет,Да,В конкурсе
412,Нет,Да,357,80,94,89,92,0,2,0,Нет,Да,В конкурсе
413,Нет,Нет,357,80,90,87,92,6,2,0,Нет,Да,В конкурсе
414,Нет,Да,357,80,88,93,86,6,2,2,Нет,Да,В конкурсе
415,Нет,Да,357,80,88,91,96,0,2,0,Нет,Да,В конкурсе
416,Нет,Нет,357,80,86,87,94,6,2,2,Нет,Да,В конкурсе
417,Нет,Да,357,80,84,91,94,6,2,0,Нет,Да,В конкурсе
418,Нет,Да,357,70,100,91,94,0,2,0,Нет,Нет,В конкурсе
419,Нет,Нет,357,70,96,93,94,0,2,2,Нет,Нет,В конкурсе
420,Нет,Да,357,70,90,95,100,0,2,0,Нет,Нет,В конкурсе
421,Нет,Да,357,70,86,95,98,6,2,0,Нет,Нет,В конкурсе
422,Нет,Нет,357,65,90,100,94,6,2,0,Нет,Нет,В конкурсе
423,Нет,Нет,356,100,98,74,80,0,2,2,Нет,Нет,В конкурсе
424,Нет,Да,356,100,88,86,80,0,2,0,Нет,Нет,В конкурсе
425,Нет,Да,356,100,84,78,86,6,2,0,Нет,Нет,В конкурсе
426,Нет,Да,356,90,92,78,92,0,2,2,Нет,Нет,В конкурсе
427,Нет,Да,356,85,92,81,90,6,2,0,Нет,Нет,В конкурсе
428,Нет,Да,356,85,88,100,81,0,2,0,Нет,Да,В конкурсе
429,Нет,Да,356,85,86,95,88,0,2,0,Нет,Да,В конкурсе
430,Нет,Да,356,75,84,97,98,0,2,0,Нет,Нет,В конкурсе
431,Нет,Да,356,75,80,95,98,6,2,0,Нет,Да,В конкурсе
432,Нет,Да,356,65,100,85,98,6,2,0,Нет,Нет,В конкурсе
433,Нет,Да,356,65,96,95,92,6,2,0,Нет,Да,В конкурсе
434,Нет,Да,355,95,86,80,92,0,2,0,Нет,Нет,В конкурсе
435,Нет,Да,355,90,96,97,72,0,0,0,Нет,Да,В конкурсе
436,Нет,Да,355,90,88,87,82,6,2,0,Нет,Да,В конкурсе
437,Да,Да,355,90,84,90,89,0,2,0,Нет,Да,В конкурсе
438,Нет,Да,355,85,82,92,94,0,2,0,Нет,Да,В конкурсе
439,Нет,Да,355,80,100,91,76,6,2,0,Нет,Да,В конкурсе
440,Нет,Да,355,80,93,95,87,0,0,0,Нет,Да,В конкурсе
441,Нет,Да,355,80,90,91,86,6,2,0,Нет,Нет,В конкурсе
442,Нет,Да,355,80,88,95,88,0,2,2,Нет,Да,В конкурсе
443,Нет,Да,355,80,86,99,88,0,2,0,Нет,Да,В конкурсе
444,Нет,Да,355,80,84,95,92,0,2,2,Нет,Нет,В конкурсе
445,Нет,Да,355,80,84,83,98,6,2,2,Нет,Да,В конкурсе
446,Нет,Нет,355,70,98,89,88,6,2,2,Нет,Да,В конкурсе
447,Нет,Да,355,70,90,97,96,0,2,0,Нет,Да,В конкурсе
448,Нет,Да,355,70,90,97,90,6,2,0,Нет,Да,В конкурсе
449,Нет,Да,354,95,80,85,92,0,2,0,Нет,Нет,В конкурсе
450,Нет,Да,354,90,94,64,98,6,2,0,Нет,Да,В конкурсе
451,Нет,Да,354,85,90,83,88,6,2,0,Нет,Да,В конкурсе
452,Нет,Да,354,70,94,100,88,0,2,0,Нет,Да,В конкурсе
453,Нет,Да,354,70,92,100,90,0,2,0,Нет,Нет,В конкурсе
454,Нет,Нет,354,65,94,95,98,0,2,0,Нет,Да,В конкурсе
455,Нет,Нет,354,55,94,97,98,6,2,2,Нет,Нет,В конкурсе
456,Нет,Да,353,90,86,93,80,0,2,2,Нет,Нет,В конкурсе
457,Нет,Да,353,85,84,80,96,6,2,0,Нет,Нет,В конкурсе
458,Нет,Да,353,80,98,81,92,0,2,0,Нет,Да,В конкурсе
459,Нет,Нет,353,80,96,90,85,0,2,0,Нет,Да,В конкурсе
460,Нет,Да,353,80,82,93,88,6,2,2,Нет,Нет,В конкурсе
461,Нет,Да,353,75,86,100,84,6,2,0,Нет,Да,В конкурсе
462,Нет,Да,353,70,94,91,96,0,2,0,Нет,Нет,В конкурсе
463,Нет,Да,353,70,90,93,98,0,2,0,Нет,Да,В конкурсе
464,Нет,Да,353,70,80,97,98,6,2,0,Нет,Нет,В конкурсе
465,Нет,Да,353,65,92,100,94,0,2,0,Нет,Нет,В конкурсе
466,Нет,Нет,353,65,86,100,100,0,2,0,Нет,Нет,В конкурсе
467,Нет,Нет,353,65,86,100,92,6,2,2,Нет,Да,В конкурсе
468,Нет,Да,352,95,80,81,94,0,2,0,Нет,Нет,В конкурсе
469,Нет,Да,352,90,86,87,87,0,2,0,Нет,Да,В конкурсе
470,Нет,Да,352,85,88,85,90,0,2,2,Нет,Да,В конкурсе
471,Нет,Нет,352,80,82,100,88,0,2,0,Нет,Да,В конкурсе
472,Нет,Нет,352,80,78,100,90,0,2,2,Нет,Да,В конкурсе
473,Нет,Да,352,75,90,93,90,0,2,2,Нет,Нет,В конкурсе
474,Нет,Да,352,75,88,85,96,6,2,0,Нет,Нет,В конкурсе
475,Нет,Нет,352,75,84,99,92,0,2,0,Нет,Нет,В конкурсе
476,Нет,Нет,352,55,92,99,98,6,2,0,Нет,Да,В конкурсе
477,Нет,Да,351,90,90,89,80,0,2,0,Нет,Да,В конкурсе
478,Нет,Да,351,90,90,83,84,0,2,2,Нет,Да,В конкурсе
479,Нет,Да,351,90,74,95,90,0,2,0,Нет,Нет,В конкурсе
480,Нет,Да,351,80,92,91,86,0,2,0,Нет,Нет,В конкурсе
481,Нет,Да,351,80,88,89,92,0,2,0,Нет,Да,В конкурсе
482,Нет,Да,351,80,84,99,86,0,2,0,Нет,Да,В конкурсе
483,Нет,Да,351,80,84,87,98,0,2,0,Нет,Да,В конкурсе
484,Нет,Да,351,80,82,93,88,6,2,0,Нет,Нет,В конкурсе
485,Нет,Да,351,80,80,91,92,6,2,0,Нет,Нет,В конкурсе
486,Нет,Да,351,75,86,88,100,0,2,0,Нет,Да,В конкурсе
487,Нет,Да,351,70,96,87,90,6,2,0,Нет,Нет,В конкурсе
488,Нет,Нет,351,70,90,99,90,0,2,0,Нет,Да,В конкурсе
489,Нет,Нет,351,70,88,89,96,6,2,0,Нет,Да,В конкурсе
490,Нет,Да,351,70,82,93,96,6,2,2,Нет,Да,В конкурсе
491,Нет,Нет,351,65,86,100,96,0,2,2,Нет,Да,В конкурсе
492,Нет,Нет,351,60,96,95,90,6,2,2,Нет,Нет,В конкурсе
493,Нет,Нет,351,60,86,99,96,6,2,2,Нет,Да,В конкурсе
494,Нет,Да,350,85,95,83,87,0,0,0,Нет,Да,В конкурсе
495,Нет,Да,350,85,88,87,86,0,2,2,Нет,Да,В конкурсе
496,Нет,Нет,350,85,78,89,96,0,2,0,Нет,Да,В конкурсе
497,Нет,Да,350,75,94,89,84,6,2,0,Нет,Да,В конкурсе
498,Нет,Да,350,70,78,100,94,6,2,0,Нет,Нет,В конкурсе
499,Нет,Нет,350,65,94,85,98,6,2,0,Нет,Нет,В конкурсе
500,Нет,Нет,350,65,90,95,98,0,2,0,Нет,Нет,В конкурсе
501,Нет,Да,350,65,84,99,94,6,2,0,Нет,Да,В конкурсе
502,Нет,Нет,350,60,86,100,96,6,2,0,Нет,Да,В конкурсе
503,Нет,Да,350,55,98,91,98,6,2,0,Нет,Нет,В конкурсе
504,Нет,Да,350,55,88,99,98,6,2,2,Нет,Да,В конкурсе
505,Нет,Да,349,85,84,91,85,0,2,2,Нет,Нет,В конкурсе
506,Нет,Да,349,80,86,85,90,6,2,0,Нет,Да,В конкурсе
507,Нет,Да,349,80,82,97,88,0,2,0,Нет,Нет,В конкурсе
508,Нет,Нет,349,75,88,100,84,0,2,0,Нет,Да,В конкурсе
509,Нет,Да,349,70,96,89,92,0,2,0,Нет,Да,В конкурсе
510,Нет,Да,349,70,92,85,94,6,2,0,Нет,Нет,В конкурсе
511,Нет,Да,349,70,88,95,94,0,2,0,Нет,Нет,В конкурсе
512,Нет,Нет,349,70,88,95,94,0,2,0,Нет,Да,В конкурсе
513,Нет,Да,349,70,86,99,86,6,2,0,Нет,Нет,В конкурсе
514,Нет,Нет,349,65,82,100,100,0,2,0,Нет,Нет,В конкурсе
515,Нет,Нет,349,55,90,100,96,6,2,0,Нет,Да,В конкурсе
516,Нет,Да,348,85,96,81,84,0,2,0,Нет,Нет,В конкурсе
517,Нет,Да,348,85,86,89,86,0,2,0,Нет,Да,В конкурсе
518,Нет,Да,348,85,74,91,96,0,2,0,Нет,Да,В конкурсе
519,Нет,Да,348,80,86,92,90,0,0,0,Нет,Да,В конкурсе
520,Нет,Нет,348,75,92,93,86,0,2,0,Нет,Нет,В конкурсе
521,Нет,Да,348,75,90,87,94,0,2,0,Нет,Нет,В конкурсе
522,Нет,Да,348,75,86,83,94,6,2,2,Нет,Нет,В конкурсе
523,Нет,Да,348,75,80,93,92,6,2,0,Нет,Нет,В конкурсе
524,Нет,Нет,348,70,92,95,89,0,2,0,Нет,Да,В конкурсе
525,Нет,Да,348,65,94,93,88,6,2,0,Нет,Нет,В конкурсе
526,Нет,Нет,348,65,90,95,94,0,2,2,Нет,Да,В конкурсе
527,Нет,Нет,348,65,86,93,94,6,2,2,Нет,Нет,В конкурсе
528,Нет,Нет,348,65,82,95,98,6,2,0,Нет,Нет,В конкурсе
529,Нет,Да,348,55,96,93,100,0,2,2,Нет,Нет,В конкурсе
530,Нет,Нет,348,55,94,97,100,0,2,0,Нет,Нет,В конкурсе
531,Нет,Да,347,95,86,80,84,0,2,0,Нет,Да,В конкурсе
532,Нет,Да,347,90,84,83,88,0,2,0,Нет,Нет,В конкурсе
533,Нет,Да,347,80,96,91,78,0,2,0,Нет,Да,В конкурсе
534,Нет,Да,347,80,92,89,84,0,2,0,Нет,Нет,В конкурсе
535,Нет,Нет,347,80,88,87,90,0,2,0,Нет,Нет,В конкурсе
536,Нет,Да,347,70,94,85,90,6,2,0,Нет,Нет,В конкурсе
537,Нет,Нет,347,70,90,89,98,0,0,0,Нет,Да,В конкурсе
538,Нет,Нет,347,70,84,97,94,0,2,0,Нет,Нет,В конкурсе
539,Нет,Да,347,70,80,95,100,0,2,0,Нет,Нет,В конкурсе
540,Нет,Да,347,60,92,91,96,6,2,0,Нет,Нет,В конкурсе
541,Нет,Нет,347,60,88,95,96,6,2,0,Нет,Да,В конкурсе
542,Нет,Да,346,85,82,81,94,0,2,2,Нет,Нет,В конкурсе
543,Нет,Нет,346,80,96,78,90,0,2,0,Нет,Нет,В конкурсе
544,Нет,Да,346,75,92,83,94,0,2,0,Нет,Нет,В конкурсе
545,Нет,Да,346,75,86,91,86,6,2,0,Нет,Да,В конкурсе
546,Нет,Нет,346,75,84,85,94,6,2,0,Нет,Да,В конкурсе
547,Нет,Да,346,65,96,93,90,0,2,0,Нет,Нет,В конкурсе
548,Нет,Да,346,65,92,93,94,0,2,0,Нет,Нет,В конкурсе
549,Нет,Нет,346,55,94,97,98,0,2,0,Нет,Да,В конкурсе
550,Нет,Нет,346,55,94,97,92,6,2,0,Нет,Нет,В конкурсе
551,Нет,Нет,346,50,92,100,96,6,2,0,Нет,Нет,В конкурсе
552,Нет,Да,345,90,90,85,78,0,2,0,Нет,Нет,В конкурсе
553,Нет,Да,345,80,86,88,89,0,2,0,Нет,Нет,В конкурсе
554,Нет,Да,345,80,82,91,84,6,2,0,Нет,Да,В конкурсе
555,Нет,Да,345,75,100,78,88,0,2,2,Нет,Нет,В конкурсе
556,Нет,Нет,345,70,90,81,96,6,2,0,Нет,Да,В конкурсе
557,Нет,Да,345,70,86,87,94,6,2,0,Нет,Да,В конкурсе
558,Нет,Нет,345,70,86,87,92,6,2,2,Нет,Да,В конкурсе
559,Нет,Да,345,70,82,93,92,6,2,0,Нет,Да,В конкурсе
560,Нет,Да,344,85,78,81,90,6,2,2,Нет,Нет,В конкурсе
561,Нет,Да,344,80,96,78,88,0,2,0,Нет,Нет,В конкурсе
562,Нет,Да,344,75,90,87,90,0,2,0,Нет,Да,В конкурсе
563,Нет,Да,344,75,88,91,88,0,2,0,Нет,Да,В конкурсе
564,Нет,Да,344,75,86,95,86,0,2,0,Нет,Да,В конкурсе
565,Нет,Да,344,65,92,91,92,0,2,2,Нет,Нет,В конкурсе
566,Нет,Нет,344,65,90,97,90,0,2,0,Нет,Да,В конкурсе
567,Нет,Нет,344,65,88,97,92,0,2,0,Нет,Нет,В конкурсе
568,Нет,Да,344,65,84,93,94,6,2,0,Нет,Да,В конкурсе
569,Нет,Да,344,50,98,100,94,0,2,0,Нет,Нет,В конкурсе
570,Нет,Да,343,90,82,81,82,6,2,0,Нет,Да,В конкурсе
571,Нет,Нет,343,80,84,91,80,6,2,0,Нет,Да,В конкурсе
572,Нет,Да,343,80,78,93,90,0,2,0,Нет,Нет,В конкурсе
573,Нет,Нет,343,70,96,81,94,0,2,0,Нет,Да,В конкурсе
574,Нет,Да,343,70,96,81,94,0,2,0,Нет,Нет,В конкурсе
575,Нет,Нет,343,70,94,93,84,0,2,0,Нет,Да,В конкурсе
576,Нет,Да,343,70,92,93,84,0,2,2,Нет,Да,В конкурсе
577,Нет,Нет,343,70,88,89,88,6,2,0,Нет,Да,В конкурсе
578,Нет,Нет,343,70,82,91,98,0,2,0,Нет,Нет,В конкурсе
579,Нет,Нет,343,70,80,91,94,6,2,0,Нет,Нет,В конкурсе
580,Нет,Да,343,60,86,99,90,6,2,0,Нет,Да,В конкурсе
581,Нет,Нет,342,100,94,64,82,0,2,0,Нет,Нет,В конкурсе
582,Нет,Нет,342,100,80,72,82,6,2,0,Нет,Да,В конкурсе
583,Нет,Да,342,80,84,78,90,6,2,2,Нет,Да,В конкурсе
584,Нет,Да,342,75,88,83,86,6,2,2,Нет,Да,В конкурсе
585,Нет,Да,342,65,94,93,88,0,2,0,Нет,Да,В конкурсе
586,Нет,Да,342,65,90,89,90,6,2,0,Нет,Да,В конкурсе
587,Нет,Да,342,55,96,85,96,6,2,2,Нет,Нет,В конкурсе
588,Нет,Нет,341,70,99,78,86,6,2,0,Нет,Да,В конкурсе
589,Нет,Нет,341,70,88,89,92,0,2,0,Нет,Да,В конкурсе
590,Нет,Нет,341,70,82,95,92,0,2,0,Нет,Нет,В конкурсе
591,Нет,Нет,341,70,80,91,98,0,2,0,Нет,Да,В конкурсе
592,Нет,Нет,341,60,96,85,92,6,2,0,Нет,Нет,В конкурсе
593,Нет,Нет,341,60,92,85,96,6,2,0,Нет,Да,В конкурсе
594,Нет,Нет,341,60,90,93,90,6,2,0,Нет,Нет,В конкурсе
595,Нет,Нет,341,60,88,95,96,0,2,0,Нет,Нет,В конкурсе
596,Нет,Нет,340,90,88,72,88,0,2,0,Нет,Нет,В конкурсе
597,Нет,Да,340,80,84,78,96,0,2,0,Нет,Да,В конкурсе
598,Нет,Нет,340,75,86,81,96,0,2,0,Нет,Да,В конкурсе
599,Нет,Нет,340,75,84,85,94,0,2,0,Нет,Нет,В конкурсе
600,Нет,Нет,340,75,82,87,94,0,2,0,Нет,Нет,В конкурсе
601,Нет,Нет,340,75,76,91,94,0,2,2,Нет,Нет,В конкурсе
602,Нет,Да,340,70,94,80,94,0,2,0,Нет,Нет,В конкурсе
603,Нет,Нет,340,65,92,81,94,6,2,0,Нет,Да,В конкурсе
604,Нет,Да,340,65,90,91,92,0,2,0,Нет,Нет,В конкурсе
605,Нет,Да,340,65,86,89,90,6,2,2,Нет,Да,В конкурсе
606,Нет,Да,340,65,84,87,94,6,2,2,Нет,Да,В конкурсе
607,Нет,Нет,340,55,100,87,96,0,2,0,Нет,Нет,В конкурсе
608,Нет,Да,340,55,94,93,96,0,2,0,Нет,Нет,В конкурсе
609,Нет,Да,339,85,82,74,90,6,2,0,Нет,Да,В конкурсе
610,Нет,Нет,339,80,88,97,72,0,2,0,Нет,Да,В конкурсе
611,Нет,Нет,339,80,84,83,90,0,2,0,Нет,Нет,В конкурсе
612,Нет,Нет,339,70,92,85,90,0,2,0,Нет,Нет,В конкурсе
613,Нет,Да,339,70,86,83,90,6,2,2,Нет,Да,В конкурсе
614,Нет,Да,339,70,84,93,90,0,2,0,Нет,Да,В конкурсе
615,Нет,Нет,339,65,86,80,100,6,2,0,Нет,Да,В конкурсе
616,Нет,Нет,339,60,88,91,92,6,2,0,Нет,Нет,В конкурсе
617,Нет,Да,339,60,86,93,98,0,2,0,Нет,Да,В конкурсе
618,Нет,Нет,339,60,84,97,90,6,2,0,Нет,Нет,В конкурсе
619,Нет,Нет,339,50,96,95,90,6,2,0,Нет,Да,В конкурсе
620,Нет,Нет,339,50,96,89,96,6,2,0,Нет,Нет,В конкурсе
621,Нет,Да,338,75,94,85,82,0,2,0,Нет,Да,В конкурсе
622,Нет,Да,338,75,88,83,88,0,2,2,Нет,Да,В конкурсе
623,Нет,Да,338,75,86,100,73,0,2,2,Нет,Да,В конкурсе
624,Нет,Да,338,75,80,89,86,6,2,0,Нет,Да,В конкурсе
625,Нет,Да,338,65,96,89,86,0,2,0,Нет,Нет,В конкурсе
626,Нет,Да,338,65,92,95,84,0,2,0,Нет,Да,В конкурсе
627,Нет,Нет,338,65,88,97,86,0,2,0,Нет,Нет,В конкурсе
628,Нет,Да,338,65,84,85,94,6,2,2,Нет,Да,В конкурсе
629,Нет,Да,338,55,90,95,96,0,2,0,Нет,Да,В конкурсе
630,Нет,Нет,338,50,99,91,96,0,2,0,Нет,Нет,В конкурсе
631,Нет,Да,337,80,100,84,73,0,0,0,Нет,Да,В конкурсе
632,Нет,Да,337,80,90,83,82,0,2,0,Нет,Да,В конкурсе
633,Нет,Да,337,80,82,81,92,0,2,0,Нет,Нет,В конкурсе
634,Нет,Да,337,80,62,87,100,6,2,0,Нет,Да,В конкурсе
635,Нет,Нет,337,75,96,74,90,0,2,0,Нет,Да,В конкурсе
636,Нет,Да,337,70,84,89,86,6,2,0,Нет,Да,В конкурсе
637,Нет,Нет,337,60,96,85,94,0,2,0,Нет,Нет,В конкурсе
638,Нет,Нет,337,60,92,89,88,6,2,0,Нет,Нет,В конкурсе
639,Нет,Нет,337,60,84,87,98,6,2,0,Нет,Нет,В конкурсе
640,Нет,Да,336,80,90,78,80,6,2,0,Нет,Да,В конкурсе
641,Нет,Да,336,80,86,78,90,0,2,0,Нет,Да,В конкурсе
642,Нет,Нет,336,80,86,74,86,6,2,2,Нет,Да,В конкурсе
643,Нет,Да,336,75,94,81,78,6,2,0,Нет,Да,В конкурсе
644,Нет,Да,336,75,88,93,78,0,2,0,Нет,Нет,В конкурсе
645,Нет,Нет,336,75,86,93,80,0,2,0,Нет,Да,В конкурсе
646,Нет,Да,336,75,86,83,90,0,2,0,Нет,Нет,В конкурсе
647,Нет,Нет,336,75,84,85,90,0,2,0,Нет,Да,В конкурсе
648,Нет,Нет,336,70,80,78,100,6,2,0,Нет,Да,В конкурсе
649,Нет,Да,336,65,96,97,76,0,2,0,Нет,Нет,В конкурсе
650,Нет,Да,336,65,90,85,94,0,2,0,Нет,Да,В конкурсе
651,Нет,Нет,336,65,82,91,90,6,2,0,Нет,Да,В конкурсе
652,Нет,Да,336,55,94,85,92,6,2,2,Нет,Нет,В конкурсе
653,Нет,Нет,336,55,90,97,92,0,2,0,Нет,Нет,В конкурсе
654,Нет,Да,336,50,86,100,98,0,2,0,Нет,Да,В конкурсе
655,Нет,Да,335,85,82,72,92,0,2,2,Нет,Нет,В конкурсе
656,Нет,Да,335,80,100,79,76,0,0,0,Нет,Нет,В конкурсе
657,Нет,Да,335,70,82,83,92,6,2,0,Нет,Да,В конкурсе
658,Нет,Да,335,60,92,91,90,0,2,0,Нет,Нет,В конкурсе
659,Нет,Да,335,60,86,93,88,6,2,0,Нет,Да,В конкурсе
660,Нет,Нет,335,60,82,89,96,6,2,0,Нет,Да,В конкурсе
661,Нет,Нет,335,55,94,80,98,6,2,0,Нет,Нет,В конкурсе
662,Нет,Да,335,50,90,91,96,6,2,0,Нет,Да,В конкурсе
663,Нет,Да,334,85,95,66,88,0,0,0,Нет,Да,В конкурсе
664,Нет,Нет,334,70,80,80,96,6,2,0,Нет,Нет,В конкурсе
665,Нет,Нет,334,65,82,93,86,6,2,0,Нет,Нет,В конкурсе
666,Нет,Нет,334,65,82,87,92,6,2,0,Нет,Нет,В конкурсе
667,Нет,Нет,334,60,94,74,96,6,2,2,Нет,Нет,В конкурсе
668,Нет,Да,334,55,86,91,98,0,2,2,Нет,Нет,В конкурсе
669,Нет,Да,333,100,78,83,70,0,2,0,Нет,Нет,В конкурсе
670,Нет,Да,333,75,86,72,90,6,2,2,Нет,Нет,В конкурсе
671,Нет,Нет,333,70,88,89,86,0,0,0,Нет,Да,В конкурсе
672,Нет,Нет,333,70,88,81,92,0,2,0,Нет,Да,В конкурсе
673,Нет,Нет,333,60,90,95,86,0,2,0,Нет,Да,В конкурсе
674,Нет,Нет,333,60,90,85,90,6,2,0,Нет,Да,В конкурсе
675,Нет,Да,333,60,88,91,86,6,2,0,Нет,Да,В конкурсе
676,Нет,Да,333,60,88,85,92,6,2,0,Нет,Да,В конкурсе
677,Нет,Да,332,90,76,72,86,6,2,0,Нет,Нет,В конкурсе
678,Нет,Да,332,80,86,70,94,0,2,0,Нет,Нет,В конкурсе
679,Нет,Да,332,70,99,81,78,0,2,2,Нет,Да,В конкурсе
680,Нет,Нет,332,70,84,74,96,6,2,0,Нет,Да,В конкурсе
681,Нет,Да,332,65,90,85,90,0,2,0,Нет,Да,В конкурсе
682,Нет,Да,332,65,80,83,96,6,2,0,Нет,Нет,В конкурсе
683,Нет,Нет,332,55,94,85,96,0,2,0,Нет,Нет,В конкурсе
684,Нет,Да,332,55,88,91,90,6,2,0,Нет,Да,В конкурсе
685,Нет,Нет,332,55,86,93,94,0,2,2,Нет,Да,В конкурсе
686,Нет,Да,331,80,78,81,90,0,2,0,Нет,Нет,В конкурсе
687,Нет,Нет,331,65,84,80,94,6,2,0,Нет,Нет,В конкурсе
688,Нет,Да,331,60,95,98,76,0,2,0,Нет,Да,В конкурсе
689,Нет,Да,331,60,82,87,100,0,2,0,Нет,Нет,В конкурсе
690,Нет,Да,331,50,94,91,88,6,2,0,Нет,Нет,В конкурсе
691,Нет,Нет,330,75,88,81,84,0,2,0,Нет,Да,В конкурсе
692,Нет,Да,330,75,72,85,94,0,2,2,Нет,Да,В конкурсе
693,Нет,Да,330,70,84,78,90,6,2,0,Нет,Да,В конкурсе
694,Нет,Да,330,65,92,89,82,0,2,0,Нет,Да,В конкурсе
695,Нет,Да,330,65,82,97,84,0,2,0,Нет,Нет,В конкурсе
696,Да,Да,330,65,78,85,94,6,2,0,Нет,Нет,В конкурсе
697,Нет,Да,330,55,98,87,88,0,2,0,Нет,Да,В конкурсе
698,Нет,Да,330,55,88,83,100,0,2,2,Нет,Нет,В конкурсе
699,Нет,Да,330,55,86,85,96,6,2,0,Нет,Нет,В конкурсе
700,Нет,Нет,329,80,96,61,90,0,2,0,Нет,Нет,В конкурсе
701,Нет,Да,329,80,72,85,82,6,2,2,Нет,Нет,В конкурсе
702,Нет,Нет,329,75,94,76,82,0,2,0,Нет,Да,В конкурсе
703,Нет,Да,329,75,82,68,96,6,2,0,Нет,Да,В конкурсе
704,Нет,Нет,329,70,88,83,86,0,2,0,Нет,Нет,В конкурсе
705,Нет,Да,329,70,82,86,89,0,2,0,Нет,Да,В конкурсе
706,Нет,Нет,329,70,80,83,86,6,2,2,Нет,Да,В конкурсе
707,Нет,Нет,329,70,78,83,88,6,2,2,Нет,Да,В конкурсе
708,Нет,Нет,329,60,90,91,84,0,2,2,Нет,Нет,В конкурсе
709,Нет,Нет,329,60,90,89,88,0,2,0,Нет,Да,В конкурсе
710,Нет,Да,329,60,86,83,92,6,2,0,Нет,Да,В конкурсе
711,Нет,Да,329,55,88,100,84,0,2,0,Нет,Да,В конкурсе
712,Нет,Нет,329,55,86,80,100,6,2,0,Нет,Нет,В конкурсе
713,Нет,Да,329,50,90,83,98,6,2,0,Нет,Да,В конкурсе
714,Да,Да,328,85,88,93,60,0,2,0,Нет,Да,В конкурсе
715,Нет,Да,328,80,90,72,78,6,2,0,Нет,Да,В конкурсе
716,Нет,Нет,328,80,78,80,88,0,2,0,Нет,Да,В конкурсе
717,Нет,Нет,328,70,98,78,80,0,2,0,Нет,Нет,В конкурсе
718,Нет,Да,328,70,92,76,88,0,2,0,Нет,Нет,В конкурсе
719,Нет,Да,328,70,88,76,86,6,2,0,Нет,Нет,В конкурсе
720,Нет,Да,328,70,86,78,92,0,2,0,Нет,Нет,В конкурсе
721,Нет,Да,328,70,78,80,98,0,2,0,Нет,Нет,В конкурсе
722,Нет,Да,328,60,78,100,86,0,2,2,Нет,Нет,В конкурсе
723,Нет,Нет,328,55,88,87,90,6,2,0,Нет,Да,В конкурсе
724,Нет,Нет,328,55,86,87,92,6,2,0,Нет,Да,В конкурсе
725,Нет,Нет,328,55,84,93,94,0,2,0,Нет,Нет,В конкурсе
726,Нет,Нет,328,55,82,87,96,6,2,0,Нет,Да,В конкурсе
727,Нет,Да,328,55,78,93,100,0,2,0,Нет,Нет,В конкурсе
728,Нет,Да,328,50,84,100,84,6,2,2,Нет,Да,В конкурсе
729,Нет,Да,327,75,74,89,87,0,2,0,Нет,Нет,В конкурсе
730,Нет,Нет,327,70,78,89,88,0,2,0,Нет,Нет,В конкурсе
731,Нет,Да,327,65,92,95,73,0,2,0,Нет,Да,В конкурсе
732,Нет,Нет,327,65,92,76,86,6,2,0,Нет,Да,В конкурсе
733,Нет,Нет,327,60,88,91,80,6,2,0,Нет,Да,В конкурсе
734,Нет,Нет,327,60,88,81,90,6,2,0,Нет,Нет,В конкурсе
735,Нет,Да,327,60,80,89,96,0,2,0,Нет,Нет,В конкурсе
736,Нет,Нет,327,60,74,87,98,6,2,0,Нет,Да,В конкурсе
737,Нет,Нет,327,55,90,76,96,6,2,2,Нет,Нет,В конкурсе
738,Нет,Да,326,80,84,74,86,0,2,0,Нет,Нет,В конкурсе
739,Нет,Да,326,75,80,89,80,0,2,0,Нет,Нет,В конкурсе
740,Нет,Нет,326,65,88,83,82,6,2,0,Нет,Да,В конкурсе
741,Нет,Нет,326,65,78,93,88,0,2,0,Нет,Да,В конкурсе
742,Нет,Нет,326,65,76,91,90,0,2,2,Нет,Да,В конкурсе
743,Нет,Да,326,60,86,100,78,0,2,0,Нет,Да,В конкурсе
744,Нет,Нет,326,55,90,83,90,6,2,0,Нет,Да,В конкурсе
745,Нет,Нет,326,55,78,83,100,6,2,2,Нет,Нет,В конкурсе
746,Нет,Нет,325,65,86,80,86,6,2,0,Нет,Да,В конкурсе
747,Нет,Да,325,65,82,78,100,0,0,0,Нет,Нет,В конкурсе
748,Нет,Нет,325,60,82,85,96,0,2,0,Нет,Нет,В конкурсе
749,Нет,Нет,325,55,90,80,92,6,2,0,Нет,Да,В конкурсе
750,Нет,Нет,325,50,90,87,96,0,2,0,Нет,Нет,В конкурсе
751,Нет,Да,325,50,82,97,94,0,2,0,Нет,Нет,В конкурсе
752,Нет,Нет,325,50,82,89,94,6,2,2,Нет,Нет,В конкурсе
753,Нет,Нет,324,100,92,58,72,0,2,0,Нет,Нет,В конкурсе
754,Нет,Да,324,65,80,83,94,0,2,0,Нет,Да,В конкурсе
755,Нет,Да,324,65,74,83,94,6,2,0,Нет,Нет,В конкурсе
756,Нет,Да,324,60,82,83,91,6,2,0,Нет,Да,В конкурсе
757,Нет,Нет,323,70,84,89,78,0,2,0,Нет,Нет,В конкурсе
758,Нет,Нет,323,60,88,85,88,0,2,0,Нет,Да,В конкурсе
759,Нет,Да,323,60,86,97,78,0,2,0,Нет,Да,В конкурсе
760,Нет,Да,323,60,84,88,89,0,2,0,Нет,Да,В конкурсе
761,Нет,Да,323,60,82,87,86,6,2,0,Нет,Нет,В конкурсе
762,Нет,Да,322,80,78,76,86,0,2,0,Нет,Да,В конкурсе
763,Нет,Да,322,65,80,85,90,0,2,0,Нет,Да,В конкурсе
764,Нет,Нет,322,55,92,100,73,0,2,0,Нет,Нет,В конкурсе
765,Нет,Да,322,55,86,85,94,0,2,0,Нет,Нет,В конкурсе
766,Нет,Нет,322,55,80,91,94,0,2,0,Нет,Да,В конкурсе
767,Нет,Да,321,90,82,66,73,6,2,2,Нет,Нет,В конкурсе
768,Нет,Да,321,85,74,80,80,0,2,0,Нет,Нет,В конкурсе
769,Нет,Нет,321,70,95,70,86,0,0,0,Нет,Да,В конкурсе
770,Нет,Нет,321,65,84,70,94,6,2,0,Нет,Нет,В конкурсе
771,Нет,Да,321,60,92,91,76,0,2,0,Нет,Да,В конкурсе
772,Нет,Нет,321,60,92,85,82,0,2,0,Нет,Нет,В конкурсе
773,Нет,Да,321,60,88,80,91,0,2,0,Нет,Нет,В конкурсе
774,Нет,Да,321,60,86,81,86,6,2,0,Нет,Да,В конкурсе
775,Нет,Нет,321,60,82,81,94,0,2,2,Нет,Да,В конкурсе
776,Нет,Да,321,60,80,87,86,6,2,0,Нет,Нет,В конкурсе
777,Нет,Да,321,60,78,89,92,0,2,0,Нет,Да,В конкурсе
778,Нет,Да,321,55,86,78,94,6,2,0,Нет,Нет,В конкурсе
779,Нет,Нет,321,50,88,95,84,0,2,2,Нет,Нет,В конкурсе
780,Нет,Нет,321,50,86,93,88,0,2,2,Нет,Да,В конкурсе
781,Нет,Да,320,80,80,74,84,0,2,0,Нет,Да,В конкурсе
782,Нет,Нет,320,65,82,91,80,0,2,0,Нет,Да,В конкурсе
783,Нет,Нет,320,65,78,81,92,0,2,2,Нет,Да,В конкурсе
784,Нет,Нет,320,60,84,80,94,0,2,0,Нет,Да,В конкурсе
785,Нет,Нет,320,55,88,85,88,0,2,2,Нет,Нет,В конкурсе
786,Нет,Нет,320,55,80,93,90,0,2,0,Нет,Да,В конкурсе
787,Нет,Нет,320,55,74,93,96,0,2,0,Нет,Нет,В конкурсе
788,Нет,Да,319,75,86,72,84,0,2,0,Нет,Нет,В конкурсе
789,Нет,Да,319,70,84,81,82,0,2,0,Нет,Нет,В конкурсе
790,Нет,Да,319,65,90,72,88,0,2,2,Нет,Да,В конкурсе
791,Нет,Да,319,65,88,81,85,0,0,0,Нет,Да,В конкурсе
792,Нет,Да,319,60,88,83,86,0,2,0,Нет,Да,В конкурсе
793,Нет,Нет,319,60,80,87,90,0,2,0,Нет,Нет,В конкурсе
794,Нет,Нет,319,55,84,90,82,6,2,0,Нет,Да,В конкурсе
795,Нет,Да,319,55,74,86,96,6,2,0,Нет,Да,В конкурсе
796,Нет,Нет,319,50,80,93,94,0,2,0,Нет,Нет,В конкурсе
797,Нет,Нет,319,50,78,97,92,0,2,0,Нет,Да,В конкурсе
798,Нет,Да,318,70,82,70,88,6,2,0,Нет,Нет,В конкурсе
799,Нет,Да,318,70,76,72,92,6,2,0,Нет,Нет,В конкурсе
800,Нет,Нет,318,50,90,74,94,6,2,2,Нет,Да,В конкурсе
801,Нет,Да,317,65,78,76,96,0,2,0,Нет,Нет,В конкурсе
802,Нет,Да,317,60,84,85,86,0,2,0,Нет,Нет,В конкурсе
803,Нет,Нет,317,55,86,68,98,6,2,2,Нет,Нет,В конкурсе
804,Нет,Нет,317,55,82,78,94,6,2,0,Нет,Да,В конкурсе
805,Нет,Нет,316,80,86,68,80,0,2,0,Нет,Да,В конкурсе
806,Нет,Нет,316,70,76,72,96,0,2,0,Нет,Нет,В конкурсе
807,Нет,Да,316,60,72,100,82,0,2,0,Нет,Да,В конкурсе
808,Нет,Да,316,55,94,87,78,0,2,0,Нет,Да,В конкурсе
809,Нет,Да,316,55,88,91,82,0,0,0,Нет,Нет,В конкурсе
810,Нет,Да,316,50,80,100,84,0,2,0,Нет,Да,В конкурсе
811,Нет,Нет,315,65,90,68,90,0,2,0,Нет,Нет,В конкурсе
812,Нет,Нет,315,60,96,81,76,0,2,0,Нет,Да,В конкурсе
813,Нет,Да,315,60,78,81,94,0,2,0,Нет,Да,В конкурсе
814,Нет,Да,315,55,82,70,98,6,2,2,Нет,Нет,В конкурсе
815,Нет,Нет,315,55,80,76,96,6,2,0,Нет,Да,В конкурсе
816,Нет,Да,314,80,84,81,67,0,2,0,Нет,Нет,В конкурсе
817,Нет,Нет,314,70,78,70,94,0,2,0,Нет,Нет,В конкурсе
818,Нет,Нет,314,65,78,91,78,0,2,0,Нет,Да,В конкурсе
819,Нет,Да,314,60,94,87,73,0,0,0,Нет,Нет,В конкурсе
820,Нет,Да,314,55,76,85,96,0,2,0,Нет,Нет,В конкурсе
821,Нет,Нет,313,75,76,68,92,0,2,0,Нет,Нет,В конкурсе
822,Нет,Нет,313,65,78,78,90,0,2,0,Нет,Нет,В конкурсе
823,Нет,Да,313,60,88,89,76,0,0,0,Нет,Да,В конкурсе
824,Нет,Нет,313,50,76,93,92,0,2,0,Нет,Да,В конкурсе
825,Нет,Да,312,70,86,78,76,0,2,0,Нет,Да,В конкурсе
826,Да,Да,312,60,90,78,82,0,2,0,Нет,Да,В конкурсе
827,Нет,Нет,312,55,76,85,88,6,2,0,Нет,Да,В конкурсе
828,Нет,Да,311,65,84,72,88,0,2,0,Нет,Нет,В конкурсе
829,Нет,Да,311,50,82,87,90,0,2,0,Нет,Да,В конкурсе
830,Нет,Нет,311,50,82,83,88,6,2,0,Нет,Да,В конкурсе
831,Нет,Да,310,70,80,60,92,6,2,0,Нет,Нет,В конкурсе
832,Нет,Нет,309,55,80,74,90,6,2,2,Нет,Нет,В конкурсе
833,Нет,Да,308,90,62,60,94,0,2,0,Нет,Нет,В конкурсе
834,Нет,Да,308,80,72,62,86,6,2,0,Нет,Нет,В конкурсе
835,Нет,Да,308,80,68,76,80,0,2,2,Нет,Нет,В конкурсе
836,Нет,Нет,308,70,80,78,78,0,2,0,Нет,Нет,В конкурсе
837,Нет,Нет,308,65,78,83,80,0,2,0,Нет,Нет,В конкурсе
838,Нет,Нет,308,60,98,70,78,0,2,0,Нет,Да,В конкурсе
839,Нет,Нет,308,60,92,62,92,0,2,0,Нет,Да,В конкурсе
840,Нет,Нет,308,55,84,83,84,0,2,0,Нет,Да,В конкурсе
841,Нет,Да,308,55,76,99,78,0,0,0,Нет,Да,В конкурсе
842,Нет,Нет,308,50,80,78,92,6,2,0,Нет,Да,В конкурсе
843,Нет,Нет,308,50,80,74,96,6,2,0,Нет,Да,В конкурсе
844,Нет,Да,307,75,76,72,82,0,2,0,Нет,Да,В конкурсе
845,Нет,Да,307,75,70,80,80,0,2,0,Нет,Нет,В конкурсе
846,Нет,Да,307,60,82,83,80,0,2,0,Нет,Нет,В конкурсе
847,Нет,Да,306,65,82,59,90,6,2,2,Нет,Нет,В конкурсе
848,Нет,Да,306,60,90,74,80,0,2,0,Нет,Да,В конкурсе
849,Нет,Нет,306,50,86,68,100,0,2,0,Нет,Да,В конкурсе
850,Нет,Нет,305,65,82,74,82,0,2,0,Нет,Нет,В конкурсе
851,Нет,Нет,305,60,86,78,73,6,2,0,Нет,Да,В конкурсе
852,Нет,Нет,305,55,86,64,98,0,2,0,Нет,Да,В конкурсе
853,Нет,Нет,305,50,80,91,82,0,2,0,Нет,Да,В конкурсе
854,Нет,Да,304,70,78,66,88,0,2,0,Нет,Нет,В конкурсе
855,Нет,Нет,304,50,88,91,73,0,2,0,Нет,Да,В конкурсе
856,Нет,Нет,304,50,84,90,78,0,2,0,Нет,Да,В конкурсе
857,Нет,Да,303,75,76,60,86,6,0,0,Нет,Да,В конкурсе
858,Нет,Нет,303,60,68,85,88,0,2,0,Нет,Нет,В конкурсе
859,Нет,Да,303,55,90,76,80,0,2,0,Нет,Да,В конкурсе
860,Нет,Нет,303,50,84,83,78,6,2,0,Нет,Да,В конкурсе
861,Нет,Да,302,80,72,62,86,0,2,0,Нет,Нет,В конкурсе
862,Нет,Да,302,65,74,81,80,0,2,0,Нет,Да,В конкурсе
863,Нет,Да,302,60,80,76,84,0,2,0,Нет,Нет,В конкурсе
864,Нет,Да,301,80,80,57,82,0,2,0,Нет,Нет,В конкурсе
865,Нет,Нет,301,65,80,68,86,0,2,0,Нет,Нет,В конкурсе
866,Нет,Нет,301,55,90,64,90,0,2,0,Нет,Да,В конкурсе
867,Нет,Да,301,55,86,72,86,0,2,0,Нет,Да,В конкурсе
868,Нет,Нет,301,50,76,85,88,0,2,0,Нет,Нет,В конкурсе
869,Нет,Нет,301,50,72,83,88,6,2,0,Нет,Нет,В конкурсе
870,Нет,Да,300,60,84,72,82,0,2,0,Нет,Нет,В конкурсе
871,Нет,Да,300,55,72,83,88,0,2,0,Нет,Нет,В конкурсе
872,Нет,Да,299,65,99,61,72,0,2,0,Нет,Да,В конкурсе
873,Нет,Да,299,55,76,80,86,0,2,0,Нет,Нет,В конкурсе
874,Нет,Нет,299,55,68,80,86,6,2,2,Нет,Да,В конкурсе
875,Нет,Да,299,50,82,89,76,0,2,0,Нет,Нет,В конкурсе
876,Нет,Да,299,50,78,83,86,0,2,0,Нет,Да,В конкурсе
877,Нет,Да,298,55,74,85,80,0,2,2,Нет,Да,В конкурсе
878,Нет,Нет,298,50,84,76,84,0,2,2,Нет,Да,В конкурсе
879,Нет,Нет,297,60,88,76,71,0,2,0,Нет,Нет,В конкурсе
880,Нет,Нет,296,50,82,74,88,0,2,0,Нет,Нет,В конкурсе
881,Нет,Нет,295,60,86,61,86,0,2,0,Нет,Да,В конкурсе
882,Нет,Да,293,65,74,64,88,0,2,0,Нет,Нет,В конкурсе
883,Нет,Нет,293,65,62,64,100,0,2,0,Нет,Нет,В конкурсе
884,Нет,Нет,293,55,82,60,94,0,2,0,Нет,Да,В конкурсе
885,Нет,Нет,293,50,78,83,80,0,2,0,Нет,Нет,В конкурсе
886,Нет,Да,292,70,62,58,98,0,2,2,Нет,Нет,В конкурсе
887,Нет,Да,292,50,78,72,90,0,2,0,Нет,Да,В конкурсе
888,Нет,Да,291,55,80,70,84,0,2,0,Нет,Да,В конкурсе
889,Нет,Нет,291,55,70,78,80,6,2,0,Нет,Нет,В конкурсе
890,Нет,Да,289,55,80,81,71,0,2,0,Нет,Да,В конкурсе
891,Нет,Да,288,50,82,68,88,0,0,0,Нет,Да,В конкурсе
892,Нет,Да,288,50,76,70,90,0,2,0,Нет,Нет,В конкурсе
893,Нет,Да,287,75,78,60,72,0,2,0,Нет,Да,В конкурсе
894,Нет,Нет,286,50,78,80,76,0,2,0,Нет,Нет,В конкурсе
895,Нет,Нет,285,55,74,64,88,0,2,2,Нет,Нет,В конкурсе
896,Нет,Да,283,70,70,64,73,6,0,0,Нет,Да,В конкурсе
897,Нет,Да,283,55,68,70,88,0,2,0,Нет,Нет,В конкурсе
898,Нет,Да,282,60,80,60,80,0,2,0,Нет,Нет,В конкурсе
899,Нет,Да,281,65,74,68,72,0,2,0,Нет,Нет,В конкурсе
900,Нет,Да,280,65,70,55,82,6,2,0,Нет,Да,В конкурсе
901,Нет,Да,277,55,72,64,78,6,2,0,Нет,Да,В конкурсе
902,Нет,Нет,275,50,78,57,80,6,2,2,Нет,Да,В конкурсе
903,Нет,Да,272,60,70,60,80,0,2,0,Нет,Нет,В конкурсе
904,Нет,Да,270,70,70,57,69,0,2,2,Нет,Нет,В конкурсе
905,Нет,Нет,268,65,62,61,76,0,2,2,Нет,Нет,В конкурсе
